Sentence ID,Sentence,Conc.MEDIAN,Conc.MEAN,Conc.SD,# Words Found,Percentage,Found Words,All Words
1,Miracles thicker than fog on flight of No 10607.,3.9,3.5066666666666664,1.3923122255203155,3 out of 4,75.0%,"[('miracle', 1.96), ('fog', 4.66), ('flight', 3.9)]","['miracle', 'thicker', 'fog', 'flight']"
2,It was the day after Christmas.,3.665,3.665,0.36062445840513907,2 out of 2,100.0%,"[('day', 3.92), ('christmas', 3.41)]","['day', 'christmas']"
3,"As I was wheeled backward through the glaring hospital corridor, rows of overhead lights looming up behind me like little suns and then fading away to the front, I remember thinking that this day was just 45 years since the day of the five miracles.",3.635,3.4450000000000003,0.9965985629390471,24 out of 24,100.0%,"[('wheel', 4.86), ('backward', 3.41), ('glaring', 2.96), ('hospital', 4.64), ('corridor', 4.72), ('row', 3.93), ('overhead', 3.6), ('light', 4.21), ('loom', 4.5), ('behind', 3.48), ('like', 1.89), ('little', 3.67), ('sun', 4.83), ('fading', 2.86), ('away', 2.23), ('front', 3.77), ('remember', 2.41), ('think', 2.41), ('day', 3.92), ('year', 3.25), ('since', 1.38), ('day', 3.92), ('five', 3.87), ('miracle', 1.96)]","['wheel', 'backward', 'glaring', 'hospital', 'corridor', 'row', 'overhead', 'light', 'loom', 'behind', 'like', 'little', 'sun', 'fading', 'away', 'front', 'remember', 'think', 'day', 'year', 'since', 'day', 'five', 'miracle']"
4,The miracles that had come just after Christmas so long ago.,2.72,2.5380000000000003,0.8351167583038914,5 out of 5,100.0%,"[('miracle', 1.96), ('come', 2.72), ('christmas', 3.41), ('long', 3.18), ('ago', 1.42)]","['miracle', 'come', 'christmas', 'long', 'ago']"
5,The anesthetist had warned me that the operating room would feel cold.,3.32,3.1014285714285714,1.1714297328681815,7 out of 7,100.0%,"[('anesthetist', 3.32), ('warn', 2.89), ('operating', 3.46), ('room', 4.79), ('would', 1.12), ('feel', 2.28), ('cold', 3.85)]","['anesthetist', 'warn', 'operating', 'room', 'would', 'feel', 'cold']"
6,He came to introduce himself to me in the little cubicle where I lay on the gurney.,3.7649999999999997,3.73,0.9365041377377891,6 out of 6,100.0%,"[('come', 2.72), ('introduce', 2.62), ('little', 3.67), ('cubicle', 4.83), ('lay', 3.86), ('gurney', 4.68)]","['come', 'introduce', 'little', 'cubicle', 'lay', 'gurney']"
7,"My wife, Kathleen, held my hand and tried to look calm.",3.3200000000000003,3.4233333333333333,0.9231828998994004,6 out of 7,85.7142857143%,"[('wife', 4.13), ('hold', 3.68), ('hand', 4.72), ('try', 2.22), ('look', 2.96), ('calm', 2.83)]","['wife', 'kathleen', 'hold', 'hand', 'try', 'look', 'calm']"
8,But even the corridor already felt cold in my hospital gown.,3.85,3.6128571428571425,1.171092286225617,7 out of 7,100.0%,"[('even', 2.79), ('corridor', 4.72), ('already', 1.64), ('felt', 3.04), ('cold', 3.85), ('hospital', 4.64), ('gown', 4.61)]","['even', 'corridor', 'already', 'felt', 'cold', 'hospital', 'gown']"
9,Everything was in slow motion.,3.28,3.1266666666666665,0.7616648431779777,3 out of 3,100.0%,"[('everything', 2.3), ('slow', 3.28), ('motion', 3.8)]","['everything', 'slow', 'motion']"
10,"The distance to the operating room was probably only 100 feet, but the trip seemed to take half an hour.",3.2199999999999998,3.2939999999999996,1.0517836701950116,10 out of 10,100.0%,"[('distance', 3.17), ('operating', 3.46), ('room', 4.79), ('probably', 1.73), ('foot', 4.9), ('trip', 3.71), ('seem', 1.75), ('take', 3.06), ('half', 3.27), ('hour', 3.1)]","['distance', 'operating', 'room', 'probably', 'foot', 'trip', 'seem', 'take', 'half', 'hour']"
11,I had plenty of time to think.,2.41,2.6233333333333335,0.38695391629150516,3 out of 3,100.0%,"[('plenty', 2.39), ('time', 3.07), ('think', 2.41)]","['plenty', 'time', 'think']"
12,"I remembered the lucky accident that brought me to this rolling gurney so early on a Tuesday morning - the magnetic resonator imaging test that looked for a cause of hearing loss in my left ear, but found instead, a tumor nestled against the left side of my brain.",3.275,3.233846153846154,0.9246883882609402,26 out of 26,100.0%,"[('remember', 2.41), ('lucky', 1.76), ('accident', 3.26), ('bring', 2.55), ('roll', 4.16), ('gurney', 4.68), ('early', 2.25), ('tuesday', 3.29), ('morning', 3.44), ('magnetic', 3.4), ('resonator', 2.55), ('imaging', 2.79), ('test', 3.93), ('look', 2.96), ('cause', 2.43), ('hearing', 3.18), ('loss', 2.19), ('left', 3.7), ('ear', 5.0), ('find', 2.63), ('instead', 1.48), ('tumor', 4.56), ('nestle', 3.41), ('left', 3.7), ('side', 3.68), ('brain', 4.69)]","['remember', 'lucky', 'accident', 'bring', 'roll', 'gurney', 'early', 'tuesday', 'morning', 'magnetic', 'resonator', 'imaging', 'test', 'look', 'cause', 'hearing', 'loss', 'left', 'ear', 'find', 'instead', 'tumor', 'nestle', 'left', 'side', 'brain']"
13,"I looked it up in our family medical book, reading about paralysis, blindness, seizures, or worse.",3.56,3.4855555555555555,0.913825901240372,9 out of 9,100.0%,"[('look', 2.96), ('family', 4.23), ('medical', 3.07), ('book', 4.9), ('read', 3.56), ('paralysis', 3.52), ('blindness', 3.73), ('seizure', 3.79), ('worse', 1.61)]","['look', 'family', 'medical', 'book', 'read', 'paralysis', 'blindness', 'seizure', 'worse']"
14,"I remembered the clear, calm voice of Dr John Wright explaining how he was going to cut a hole in my skull and take it out; I remembered, too, his calm recital of possible after-effects.",3.15,3.2953333333333332,1.0065206453539883,15 out of 17,88.2352941176%,"[('remember', 2.41), ('clear', 3.55), ('calm', 2.83), ('voice', 4.13), ('john', 3.48), ('explain', 1.97), ('go', 3.15), ('cut', 4.55), ('hole', 4.81), ('skull', 4.83), ('take', 3.06), ('remember', 2.41), ('calm', 2.83), ('recital', 3.86), ('possible', 1.56)]","['remember', 'clear', 'calm', 'voice', 'dr', 'john', 'wright', 'explain', 'go', 'cut', 'hole', 'skull', 'take', 'remember', 'calm', 'recital', 'possible']"
15,"I recalled Kathleen's marvelous calm as Christmas approached, as I frantically graded papers for 150 students at the university and tried to think of everything that needed doing before the operation.",2.74,3.0133333333333336,1.0584197565013518,15 out of 16,93.75%,"[('recall', 2.14), ('marvelous', 2.04), ('calm', 2.83), ('christmas', 3.41), ('approach', 2.74), ('frantically', 2.48), ('grade', 3.0), ('paper', 4.93), ('student', 4.92), ('university', 4.65), ('try', 2.22), ('think', 2.41), ('everything', 2.3), ('need', 1.69), ('operation', 3.44)]","['recall', 'kathleen', 'marvelous', 'calm', 'christmas', 'approach', 'frantically', 'grade', 'paper', 'student', 'university', 'try', 'think', 'everything', 'need', 'operation']"
16,"I knew, though, that she was seething with worry.",2.035,1.955,0.6295236294214857,4 out of 4,100.0%,"[('know', 1.68), ('though', 1.2), ('seethe', 2.39), ('worry', 2.55)]","['know', 'though', 'seethe', 'worry']"
17,She did not even blanch when I arranged to have her signature added to the checking account for a small publishing business I ran outside of university time.,3.1500000000000004,3.4774999999999996,0.7106862880343197,12 out of 14,85.7142857143%,"[('even', 2.79), ('arrange', 2.79), ('signature', 4.43), ('add', 3.0), ('account', 3.08), ('small', 3.22), ('publishing', 2.86), ('business', 3.28), ('run', 4.31), ('outside', 4.25), ('university', 4.65), ('time', 3.07)]","['even', 'blanch', 'arrange', 'signature', 'add', 'checking', 'account', 'small', 'publishing', 'business', 'run', 'outside', 'university', 'time']"
18,Just in case.,3.93,3.93,N/A,1 out of 1,100.0%,"[('case', 3.93)]",['case']
19,"I remembered Christmas Day, with daughter Sheila and son Brian and his wife, Debbie, trying to act as if it were a normal day.",3.665,3.28,1.0886076734373438,10 out of 13,76.9230769231%,"[('remember', 2.41), ('christmas', 3.41), ('day', 3.92), ('daughter', 4.79), ('son', 4.14), ('wife', 4.13), ('try', 2.22), ('act', 2.46), ('normal', 1.4), ('day', 3.92)]","['remember', 'christmas', 'day', 'daughter', 'sheila', 'son', 'brian', 'wife', 'debbie', 'try', 'act', 'normal', 'day']"
20,I felt the gurney shoulder its way through the swinging doors behind me.,4.54,3.974285714285714,1.0180022452964292,7 out of 7,100.0%,"[('felt', 3.04), ('gurney', 4.68), ('shoulder', 4.93), ('way', 2.34), ('swing', 4.54), ('door', 4.81), ('behind', 3.48)]","['felt', 'gurney', 'shoulder', 'way', 'swing', 'door', 'behind']"
21,The glare of the operating room surprised me.,3.645,3.83,0.6847383928674269,4 out of 4,100.0%,"[('glare', 3.83), ('operating', 3.46), ('room', 4.79), ('surprise', 3.24)]","['glare', 'operating', 'room', 'surprise']"
22,"So did the noise: chatter, clatter, rattle.",3.425,3.5275,0.3861239006674759,4 out of 4,100.0%,"[('noise', 3.52), ('chatter', 3.33), ('clatter', 3.19), ('rattle', 4.07)]","['noise', 'chatter', 'clatter', 'rattle']"
23,I saw Dr Wright over to the right looking at four bright pictures suspended on the wall.,3.6950000000000003,3.7875,0.7758635741638382,8 out of 10,80.0%,"[('saw', 4.46), ('right', 3.47), ('look', 2.96), ('four', 3.37), ('bright', 3.92), ('picture', 4.52), ('suspend', 2.74), ('wall', 4.86)]","['saw', 'dr', 'wright', 'right', 'look', 'four', 'bright', 'picture', 'suspend', 'wall']"
24,"I had seen them before: my own skull, with the bright, pear-shaped tumor standing out against the darker background of brain and bone.",4.359999999999999,4.19125,0.6760903891386968,8 out of 9,88.8888888889%,"[('see', 3.21), ('skull', 4.83), ('bright', 3.92), ('tumor', 4.56), ('stand', 4.16), ('background', 3.26), ('brain', 4.69), ('bone', 4.9)]","['see', 'skull', 'bright', 'tumor', 'stand', 'darker', 'background', 'brain', 'bone']"
25,A clock on the wall said 10 minutes to 8 o'clock.,3.95,3.87,1.2396235987858035,4 out of 4,100.0%,"[('clock', 5.0), ('wall', 4.86), ('say', 2.58), ('minute', 3.04)]","['clock', 'wall', 'say', 'minute']"
26,A hand grabbed my chin.,4.72,4.376666666666666,0.7467485074195549,3 out of 3,100.0%,"[('hand', 4.72), ('grab', 3.52), ('chin', 4.89)]","['hand', 'grab', 'chin']"
27,"""This is just oxygen,"" a voice said as a hard rubber mask came down on my face.",3.945,3.9425,0.9438939105035662,8 out of 8,100.0%,"[('oxygen', 3.66), ('voice', 4.13), ('say', 2.58), ('hard', 3.76), ('rubber', 4.86), ('mask', 4.96), ('come', 2.72), ('face', 4.87)]","['oxygen', 'voice', 'say', 'hard', 'rubber', 'mask', 'come', 'face']"
28,"I remember being surprised at how hard and narrow it was, not at all like the wide, pliable oxygen masks we wore in the cockpits of B-24s in World War II.",3.61,3.4976923076923074,0.8085805860287298,13 out of 14,92.8571428571%,"[('remember', 2.41), ('surprise', 3.24), ('hard', 3.76), ('narrow', 3.04), ('like', 1.89), ('wide', 3.06), ('pliable', 3.58), ('oxygen', 3.66), ('mask', 4.96), ('wear', 3.61), ('cockpit', 4.27), ('world', 4.36), ('war', 3.63)]","['remember', 'surprise', 'hard', 'narrow', 'like', 'wide', 'pliable', 'oxygen', 'mask', 'wear', 'cockpit', 'world', 'war', 'ii']"
29,I couldn't see how this rigid mask could work without leaking.,3.335,3.0275,1.3198349463907544,8 out of 8,100.0%,"[('could', 1.34), ('see', 3.21), ('rigid', 3.46), ('mask', 4.96), ('could', 1.34), ('work', 3.48), ('without', 2.15), ('leak', 4.28)]","['could', 'see', 'rigid', 'mask', 'could', 'work', 'without', 'leak']"
30,"""You'll feel sleepy in a minute,"" the voice said.",2.77,2.96,0.7103168307171103,5 out of 5,100.0%,"[('feel', 2.28), ('sleepy', 2.77), ('minute', 3.04), ('voice', 4.13), ('say', 2.58)]","['feel', 'sleepy', 'minute', 'voice', 'say']"
31,But I didn't feel sleepy.,2.525,2.525,0.34648232278140845,2 out of 2,100.0%,"[('feel', 2.28), ('sleepy', 2.77)]","['feel', 'sleepy']"
32,Crews on edge.,4.300000000000001,4.300000000000001,0.08485281374238578,2 out of 2,100.0%,"[('crew', 4.36), ('edge', 4.24)]","['crew', 'edge']"
33,"It was December 29, 1944.",3.0,3.0,N/A,1 out of 1,100.0%,"[('december', 3.0)]",['december']
34,"Cold, dreary, foggy England.",3.8,3.3266666666666667,0.8635006272918007,3 out of 4,75.0%,"[('cold', 3.85), ('dreary', 2.33), ('foggy', 3.8)]","['cold', 'dreary', 'foggy', 'england']"
35,"Rackheath Air Base was on the edge of Norwich, in East Anglia, the round bulge on the map facing Europe a hundred miles north of London.",3.92,3.985454545454546,0.5867940633026826,11 out of 16,68.75%,"[('air', 4.11), ('base', 3.86), ('edge', 4.24), ('east', 3.04), ('round', 3.9), ('bulge', 3.92), ('map', 4.93), ('face', 4.87), ('hundred', 3.2), ('mile', 3.63), ('north', 4.14)]","['rackheath', 'air', 'base', 'edge', 'norwich', 'east', 'anglia', 'round', 'bulge', 'map', 'face', 'europe', 'hundred', 'mile', 'north', 'london']"
36,Even we young pilots knew something was wrong.,2.31,2.658333333333333,1.154286215228557,6 out of 6,100.0%,"[('even', 2.79), ('young', 3.16), ('pilot', 4.67), ('know', 1.68), ('something', 1.82), ('wrong', 1.83)]","['even', 'young', 'pilot', 'know', 'something', 'wrong']"
37,"We didn't get very much direct news about the battles across the channel in Europe, but there was a different sense of urgency these days in flight orders coming down daily to the 467th Bomb Group from division headquarters.",3.07,3.1510526315789473,0.909510825400373,19 out of 20,95.0%,"[('get', 2.38), ('much', 1.69), ('direct', 2.15), ('news', 3.41), ('battle', 4.0), ('across', 3.07), ('channel', 4.18), ('different', 1.97), ('sense', 2.61), ('urgency', 2.03), ('day', 3.92), ('flight', 3.9), ('order', 2.79), ('come', 2.72), ('daily', 3.15), ('bomb', 4.84), ('group', 4.12), ('division', 2.8), ('headquarters', 4.14)]","['get', 'much', 'direct', 'news', 'battle', 'across', 'channel', 'europe', 'different', 'sense', 'urgency', 'day', 'flight', 'order', 'come', 'daily', 'bomb', 'group', 'division', 'headquarters']"
38,The Germans had suddenly counter-attacked.,1.84,1.84,N/A,1 out of 2,50.0%,"[('suddenly', 1.84)]","['german', 'suddenly']"
39,"The Battle of the Bulge was under way, with General Rommel's armored forces threatening not only to smash through to the Belgian coast and cut the allied forces in half, but to cut off their supply ports as well.",3.43,3.426470588235294,0.8283865430497301,17 out of 19,89.4736842105%,"[('battle', 4.0), ('bulge', 3.92), ('way', 2.34), ('general', 1.62), ('armored', 3.59), ('force', 3.0), ('threaten', 2.63), ('smash', 3.79), ('coast', 4.21), ('cut', 4.55), ('ally', 2.61), ('force', 3.0), ('half', 3.27), ('cut', 4.55), ('supply', 3.43), ('port', 4.41), ('well', 3.33)]","['battle', 'bulge', 'way', 'general', 'rommel', 'armored', 'force', 'threaten', 'smash', 'belgian', 'coast', 'cut', 'ally', 'force', 'half', 'cut', 'supply', 'port', 'well']"
40,What it meant for us air crews was that suddenly we were flying missions under weather conditions that would normally have kept us on the ground.,3.245,3.1142857142857143,1.1679944302140266,14 out of 14,100.0%,"[('mean', 2.5), ('us', 3.59), ('air', 4.11), ('crew', 4.36), ('suddenly', 1.84), ('fly', 4.64), ('mission', 2.9), ('weather', 3.83), ('condition', 2.15), ('would', 1.12), ('normally', 1.83), ('keep', 2.37), ('us', 3.59), ('ground', 4.77)]","['mean', 'us', 'air', 'crew', 'suddenly', 'fly', 'mission', 'weather', 'condition', 'would', 'normally', 'keep', 'us', 'ground']"
41,The effort to bomb the German supply lines became more important than the usual safety rules.,2.37,2.8466666666666667,1.1576268828944842,9 out of 10,90.0%,"[('effort', 2.33), ('bomb', 4.84), ('supply', 3.43), ('line', 4.5), ('become', 1.54), ('important', 2.14), ('usual', 1.9), ('safety', 2.37), ('rule', 2.57)]","['effort', 'bomb', 'german', 'supply', 'line', 'become', 'important', 'usual', 'safety', 'rule']"
42,"Getting a loaded B-24 into the air was a nerve-wracking experience any day, but a nightmare in bad weather.",3.05,2.9775,0.9525417126224522,8 out of 8,100.0%,"[('get', 2.38), ('loaded', 3.14), ('air', 4.11), ('experience', 1.8), ('day', 3.92), ('nightmare', 2.96), ('bad', 1.68), ('weather', 3.83)]","['get', 'loaded', 'air', 'experience', 'day', 'nightmare', 'bad', 'weather']"
43,"A red manufacturer's placard in the cockpit warned that the plane should never be flown at a weight greater than 44,000 pounds, or 22 tons.",4.205,3.814166666666667,1.0201199424428957,12 out of 12,100.0%,"[('red', 4.24), ('manufacturer', 3.69), ('placard', 4.46), ('cockpit', 4.27), ('warn', 2.89), ('plane', 4.92), ('never', 1.59), ('fly', 4.64), ('weight', 3.94), ('greater', 2.35), ('pound', 4.61), ('ton', 4.17)]","['red', 'manufacturer', 'placard', 'cockpit', 'warn', 'plane', 'never', 'fly', 'weight', 'greater', 'pound', 'ton']"
44,"With 2,700 gallons of high-octane fuel and 6,000 pounds of bombs, we flew every day with 33 tons.",4.234999999999999,4.085,0.8035279353309024,8 out of 8,100.0%,"[('gallon', 3.92), ('fuel', 4.3), ('pound', 4.61), ('bomb', 4.84), ('fly', 4.64), ('every', 2.28), ('day', 3.92), ('ton', 4.17)]","['gallon', 'fuel', 'pound', 'bomb', 'fly', 'every', 'day', 'ton']"
45,"I always felt that getting this ""flying boxcar"" off the ground was 95 percent of the mission.",2.9699999999999998,3.37125,1.2082388304588505,8 out of 8,100.0%,"[('always', 1.71), ('felt', 3.04), ('get', 2.38), ('fly', 4.64), ('boxcar', 4.83), ('ground', 4.77), ('percent', 2.7), ('mission', 2.9)]","['always', 'felt', 'get', 'fly', 'boxcar', 'ground', 'percent', 'mission']"
46,"We were to learn later that, in our group, six crews died from the weather or other kinds of accidents for every one that fell to enemy action.",3.165,3.1164285714285715,0.8140932392532211,14 out of 14,100.0%,"[('learn', 2.2), ('later', 1.8), ('group', 4.12), ('six', 3.43), ('crew', 4.36), ('die', 3.07), ('weather', 3.83), ('kind', 2.07), ('accident', 3.26), ('every', 2.28), ('one', 3.97), ('fell', 3.55), ('enemy', 2.83), ('action', 2.86)]","['learn', 'later', 'group', 'six', 'crew', 'die', 'weather', 'kind', 'accident', 'every', 'one', 'fell', 'enemy', 'action']"
47,An extremely dense fog seeped into everything on December 29.,3.04,3.0033333333333334,0.9609509179280006,6 out of 6,100.0%,"[('extremely', 1.84), ('dense', 3.14), ('fog', 4.66), ('seep', 3.08), ('everything', 2.3), ('december', 3.0)]","['extremely', 'dense', 'fog', 'seep', 'everything', 'december']"
48,Buildings 50 feet apart were invisible.,3.8949999999999996,3.88,1.041377293139555,4 out of 4,100.0%,"[('building', 4.64), ('foot', 4.9), ('apart', 3.15), ('invisible', 2.83)]","['building', 'foot', 'apart', 'invisible']"
49,"Yet the combat routine went on - the posting of crew names the night before, the 4 AM wake-up, the 5 AM breakfast before going to the briefing room.",3.585,3.5625,0.9895924321750758,12 out of 12,100.0%,"[('yet', 1.39), ('combat', 3.67), ('routine', 2.7), ('go', 3.15), ('post', 4.3), ('crew', 4.36), ('name', 3.5), ('night', 4.52), ('breakfast', 4.43), ('go', 3.15), ('briefing', 2.79), ('room', 4.79)]","['yet', 'combat', 'routine', 'go', 'post', 'crew', 'name', 'night', 'breakfast', 'go', 'briefing', 'room']"
50,Our crew of 10 was on the list.,4.395,4.395,0.049497474683057895,2 out of 2,100.0%,"[('crew', 4.36), ('list', 4.43)]","['crew', 'list']"
51,"All of us officers went to command briefing session, resentful of being up so early for nothing.",2.58,2.9055555555555554,0.8439358848738319,9 out of 9,100.0%,"[('us', 3.59), ('officer', 4.8), ('go', 3.15), ('command', 2.48), ('briefing', 2.79), ('session', 2.58), ('resentful', 2.3), ('early', 2.25), ('nothing', 2.21)]","['us', 'officer', 'go', 'command', 'briefing', 'session', 'resentful', 'early', 'nothing']"
52,It had happened before.,1.78,1.78,N/A,1 out of 1,100.0%,"[('happen', 1.78)]",['happen']
53,It was obvious we could not fly a B-24 in this fog when we could hardly see each other as we walked to the briefing hut.,3.0,3.039,1.4010349349280655,10 out of 10,100.0%,"[('obvious', 2.07), ('could', 1.34), ('fly', 4.64), ('fog', 4.66), ('could', 1.34), ('hardly', 1.62), ('see', 3.21), ('walk', 4.07), ('briefing', 2.79), ('hut', 4.65)]","['obvious', 'could', 'fly', 'fog', 'could', 'hardly', 'see', 'walk', 'briefing', 'hut']"
54,Yet the drill went on.,3.15,2.98,1.5121838512561891,3 out of 3,100.0%,"[('yet', 1.39), ('drill', 4.4), ('go', 3.15)]","['yet', 'drill', 'go']"
55,There was the repetitively melodramatic pulling away of a huge drape to show a map of Europe with our bombing route laid out in red tape.,3.93,3.727692307692308,0.9378624085844881,13 out of 14,92.8571428571%,"[('repetitively', 2.43), ('melodramatic', 2.08), ('pull', 3.97), ('away', 2.23), ('huge', 3.54), ('drape', 4.5), ('show', 3.97), ('map', 4.93), ('bombing', 3.93), ('route', 3.88), ('lay', 3.86), ('red', 4.24), ('tape', 4.9)]","['repetitively', 'melodramatic', 'pull', 'away', 'huge', 'drape', 'show', 'map', 'europe', 'bombing', 'route', 'lay', 'red', 'tape']"
56,Our target was a railroad marshaling yard behind the lines.,4.455,4.386666666666667,0.543310837980126,6 out of 6,100.0%,"[('target', 4.11), ('railroad', 5.0), ('marshal', 4.41), ('yard', 4.82), ('behind', 3.48), ('line', 4.5)]","['target', 'railroad', 'marshal', 'yard', 'behind', 'line']"
57,"We took navigation details, synchronized our watches, and went back out into the white darkness.",3.15,3.3855555555555554,0.8146488677815602,9 out of 9,100.0%,"[('take', 3.06), ('navigation', 2.35), ('detail', 2.5), ('synchronize', 2.73), ('watch', 4.61), ('go', 3.15), ('back', 4.33), ('white', 3.89), ('darkness', 3.85)]","['take', 'navigation', 'detail', 'synchronize', 'watch', 'go', 'back', 'white', 'darkness']"
58,Risky takeoff.,2.3600000000000003,2.3600000000000003,1.4849242404917498,2 out of 2,100.0%,"[('risky', 1.31), ('takeoff', 3.41)]","['risky', 'takeoff']"
59,"We could hardly believe that we were still going ahead, when we got off the truck at our plane and realized that we couldn't even see the end of the wing tip from the cockpit.",3.14,3.0823529411764703,1.2615592010076495,17 out of 17,100.0%,"[('could', 1.34), ('hardly', 1.62), ('believe', 1.55), ('still', 3.46), ('go', 3.15), ('ahead', 3.0), ('get', 2.38), ('truck', 4.84), ('plane', 4.92), ('realize', 2.03), ('could', 1.34), ('even', 2.79), ('see', 3.21), ('end', 3.14), ('wing', 4.86), ('tip', 4.5), ('cockpit', 4.27)]","['could', 'hardly', 'believe', 'still', 'go', 'ahead', 'get', 'truck', 'plane', 'realize', 'could', 'even', 'see', 'end', 'wing', 'tip', 'cockpit']"
60,"We knew the total wingspread was 110 feet, so one side of the wing was 55 feet.",3.97,3.8271428571428574,1.2299148247705922,7 out of 8,87.5%,"[('know', 1.68), ('total', 2.8), ('foot', 4.9), ('one', 3.97), ('side', 3.68), ('wing', 4.86), ('foot', 4.9)]","['know', 'total', 'wingspread', 'foot', 'one', 'side', 'wing', 'foot']"
61,"I was co-pilot; Russell ""Scotty"" Scott was the pilot.",4.67,4.67,N/A,1 out of 4,25.0%,"[('pilot', 4.67)]","['russell', 'scotty', 'scott', 'pilot']"
62,We looked at each other.,2.96,2.96,N/A,1 out of 1,100.0%,"[('look', 2.96)]",['look']
63,We both knew what that meant.,2.09,2.09,0.579827560572969,2 out of 2,100.0%,"[('know', 1.68), ('mean', 2.5)]","['know', 'mean']"
64,We had to reach 120 miles an hour to take off.,3.365,3.3725,0.3393498686213586,4 out of 4,100.0%,"[('reach', 3.7), ('mile', 3.63), ('hour', 3.1), ('take', 3.06)]","['reach', 'mile', 'hour', 'take']"
65,Every flight school instructor had drilled us to remember that 60 miles an hour equals 88 feet per second.,3.59,3.446923076923077,1.0081450343360376,13 out of 13,100.0%,"[('every', 2.28), ('flight', 3.9), ('school', 4.79), ('instructor', 4.26), ('drill', 4.4), ('us', 3.59), ('remember', 2.41), ('mile', 3.63), ('hour', 3.1), ('equal', 2.56), ('foot', 4.9), ('per', 1.69), ('second', 3.3)]","['every', 'flight', 'school', 'instructor', 'drill', 'us', 'remember', 'mile', 'hour', 'equal', 'foot', 'per', 'second']"
66,So we'd have to be going 176 feet per second to get this 30-odd tons of bombs and gasoline into the air.,4.11,3.6955555555555555,1.1409328541933472,9 out of 9,100.0%,"[('go', 3.15), ('foot', 4.9), ('per', 1.69), ('second', 3.3), ('get', 2.38), ('ton', 4.17), ('bomb', 4.84), ('gasoline', 4.72), ('air', 4.11)]","['go', 'foot', 'per', 'second', 'get', 'ton', 'bomb', 'gasoline', 'air']"
67,"If anything went wrong on takeoff when we could only see 40 feet ahead in the milky soup, we'd have less than a quarter of a second to react.",3.1799999999999997,3.1078571428571427,1.1111267917086454,14 out of 14,100.0%,"[('anything', 1.38), ('go', 3.15), ('wrong', 1.83), ('takeoff', 3.41), ('could', 1.34), ('see', 3.21), ('foot', 4.9), ('ahead', 3.0), ('milky', 3.52), ('soup', 4.72), ('less', 2.77), ('quarter', 4.43), ('second', 3.3), ('react', 2.55)]","['anything', 'go', 'wrong', 'takeoff', 'could', 'see', 'foot', 'ahead', 'milky', 'soup', 'less', 'quarter', 'second', 'react']"
68,"But we went ahead with the preflight checks, plugging in our electrically heating flying suits, checking the oxygen masks, running up each of the four engines in turn to make sure we could rely on it.",3.55,3.4995,1.106504572254924,20 out of 20,100.0%,"[('go', 3.15), ('ahead', 3.0), ('preflight', 2.31), ('check', 4.11), ('plug', 4.64), ('electrically', 3.0), ('heat', 3.79), ('fly', 4.64), ('suit', 4.97), ('check', 4.11), ('oxygen', 3.66), ('mask', 4.96), ('run', 4.31), ('four', 3.37), ('engine', 4.86), ('turn', 3.44), ('make', 2.67), ('sure', 1.73), ('could', 1.34), ('rely', 1.93)]","['go', 'ahead', 'preflight', 'check', 'plug', 'electrically', 'heat', 'fly', 'suit', 'check', 'oxygen', 'mask', 'run', 'four', 'engine', 'turn', 'make', 'sure', 'could', 'rely']"
69,"We were due to be the third ship to taxi out, one of three ""lead"" planes on which all the others would gather to make the giant box formations supposed to keep German fighters at bay.",3.79,3.585555555555556,1.1837041672460038,18 out of 20,90.0%,"[('due', 3.21), ('third', 3.44), ('ship', 4.87), ('taxi', 4.93), ('one', 3.97), ('three', 3.62), ('lead', 4.1), ('plane', 4.92), ('would', 1.12), ('gather', 2.75), ('make', 2.67), ('giant', 4.3), ('box', 4.9), ('formation', 3.23), ('suppose', 1.37), ('keep', 2.37), ('fighter', 3.96), ('bay', 4.81)]","['due', 'third', 'ship', 'taxi', 'one', 'three', 'lead', 'plane', 'others', 'would', 'gather', 'make', 'giant', 'box', 'formation', 'suppose', 'keep', 'german', 'fighter', 'bay']"
70,"Our jobs were to go off first, then circle high in the sky while the others moved into formation behind us.",3.355,3.5,0.5474993658037932,10 out of 11,90.9090909091%,"[('job', 3.19), ('go', 3.15), ('first', 2.76), ('circle', 4.44), ('high', 3.46), ('sky', 4.45), ('move', 3.25), ('formation', 3.23), ('behind', 3.48), ('us', 3.59)]","['job', 'go', 'first', 'circle', 'high', 'sky', 'others', 'move', 'formation', 'behind', 'us']"
71,"The first and second lead planes moved slowly past, and we very carefully pulled as close as we could behind the second plane.",3.275,3.2492857142857146,1.05255341019764,14 out of 14,100.0%,"[('first', 2.76), ('second', 3.3), ('lead', 4.1), ('plane', 4.92), ('move', 3.25), ('slowly', 3.1), ('past', 1.7), ('carefully', 2.15), ('pull', 3.97), ('close', 3.2), ('could', 1.34), ('behind', 3.48), ('second', 3.3), ('plane', 4.92)]","['first', 'second', 'lead', 'plane', 'move', 'slowly', 'past', 'carefully', 'pull', 'close', 'could', 'behind', 'second', 'plane']"
72,"We could barely see the ground from the cockpit window, and we realized that if we lost sight of those two round stabilizers in the tail of that B-24 ahead of us, we could easily stray off the concrete taxiway and get our wheels mired in the frozen mud alongside us.",3.25,3.3548,1.1864727837867444,25 out of 27,92.5925925926%,"[('could', 1.34), ('barely', 1.71), ('see', 3.21), ('ground', 4.77), ('cockpit', 4.27), ('window', 4.86), ('realize', 2.03), ('lose', 2.25), ('sight', 3.21), ('two', 4.18), ('round', 3.9), ('stabilizer', 3.25), ('tail', 4.96), ('ahead', 3.0), ('us', 3.59), ('could', 1.34), ('easily', 1.8), ('stray', 2.76), ('concrete', 4.59), ('get', 2.38), ('wheel', 4.86), ('frozen', 4.34), ('mud', 4.86), ('alongside', 2.82), ('us', 3.59)]","['could', 'barely', 'see', 'ground', 'cockpit', 'window', 'realize', 'lose', 'sight', 'two', 'round', 'stabilizer', 'tail', 'ahead', 'us', 'could', 'easily', 'stray', 'concrete', 'taxiway', 'get', 'wheel', 'mire', 'frozen', 'mud', 'alongside', 'us']"
73,"The B-24 has a tricycle landing gear, with a nose wheel far up to the front.",4.28,4.151428571428571,0.7795175553171456,7 out of 7,100.0%,"[('tricycle', 4.68), ('landing', 3.87), ('gear', 4.28), ('nose', 4.89), ('wheel', 4.86), ('far', 2.71), ('front', 3.77)]","['tricycle', 'landing', 'gear', 'nose', 'wheel', 'far', 'front']"
74,"When the brakes are applied in taxiing, the front end dips down like the head of an elephant nodding in a parade.",4.22,3.9254545454545453,1.0195328698611303,11 out of 11,100.0%,"[('brake', 4.44), ('apply', 2.5), ('taxi', 4.93), ('front', 3.77), ('end', 3.14), ('dip', 4.22), ('like', 1.89), ('head', 4.75), ('elephant', 5.0), ('nodding', 4.0), ('parade', 4.54)]","['brake', 'apply', 'taxi', 'front', 'end', 'dip', 'like', 'head', 'elephant', 'nodding', 'parade']"
75,So the plane ahead seemed to us to be going up and down as we cautiously braked as close as we could get.,3.075,3.04,1.1052400443141552,10 out of 10,100.0%,"[('plane', 4.92), ('ahead', 3.0), ('seem', 1.75), ('us', 3.59), ('go', 3.15), ('cautiously', 2.63), ('brake', 4.44), ('close', 3.2), ('could', 1.34), ('get', 2.38)]","['plane', 'ahead', 'seem', 'us', 'go', 'cautiously', 'brake', 'close', 'could', 'get']"
76,"We still expected to hear a voice on the radio: ""Abort, abort"".",3.46,3.3628571428571425,0.9416247356867506,7 out of 7,100.0%,"[('still', 3.46), ('expect', 1.89), ('hear', 3.66), ('voice', 4.13), ('radio', 4.74), ('abort', 2.83), ('abort', 2.83)]","['still', 'expect', 'hear', 'voice', 'radio', 'abort', 'abort']"
77,This was impossible flying weather.,3.83,3.3766666666666665,1.540854741152888,3 out of 3,100.0%,"[('impossible', 1.66), ('fly', 4.64), ('weather', 3.83)]","['impossible', 'fly', 'weather']"
78,But no voice came.,3.425,3.425,0.9970205614730319,2 out of 2,100.0%,"[('voice', 4.13), ('come', 2.72)]","['voice', 'come']"
79,"The deadly still fog meant there was no wind at all, no air movement to increase our airspeed at takeoff.",3.435,3.405,0.7057423199881259,10 out of 10,100.0%,"[('deadly', 2.7), ('still', 3.46), ('fog', 4.66), ('mean', 2.5), ('wind', 3.93), ('air', 4.11), ('movement', 3.63), ('increase', 2.61), ('airspeed', 3.04), ('takeoff', 3.41)]","['deadly', 'still', 'fog', 'mean', 'wind', 'air', 'movement', 'increase', 'airspeed', 'takeoff']"
80,Then it was gone.,3.15,3.15,N/A,1 out of 1,100.0%,"[('go', 3.15)]",['go']
81,The ship ahead stopped.,3.68,3.85,0.9465199416811038,3 out of 3,100.0%,"[('ship', 4.87), ('ahead', 3.0), ('stop', 3.68)]","['ship', 'ahead', 'stop']"
82,"Half a minute later it turned, trembling, and all we could see was a wing as the pilot gunned the engines to full power.",3.44,3.427692307692308,1.184223753112518,13 out of 13,100.0%,"[('half', 3.27), ('minute', 3.04), ('later', 1.8), ('turn', 3.44), ('tremble', 3.61), ('could', 1.34), ('see', 3.21), ('wing', 4.86), ('pilot', 4.67), ('gun', 4.83), ('engine', 4.86), ('full', 3.59), ('power', 2.04)]","['half', 'minute', 'later', 'turn', 'tremble', 'could', 'see', 'wing', 'pilot', 'gun', 'engine', 'full', 'power']"
83,Then it was gone.,3.15,3.15,N/A,1 out of 1,100.0%,"[('go', 3.15)]",['go']
84,The only way we could line up on the runway was by looking down from the cockpit windows at the rows of white stripes we knew marked each end of the runway.,3.91,3.6221428571428573,1.1558625056070173,14 out of 14,100.0%,"[('way', 2.34), ('could', 1.34), ('line', 4.5), ('runway', 4.6), ('look', 2.96), ('cockpit', 4.27), ('window', 4.86), ('row', 3.93), ('white', 3.89), ('stripe', 4.72), ('know', 1.68), ('marked', 3.88), ('end', 3.14), ('runway', 4.6)]","['way', 'could', 'line', 'runway', 'look', 'cockpit', 'window', 'row', 'white', 'stripe', 'know', 'marked', 'end', 'runway']"
85,We could see nothing else.,1.92,2.0975,0.8251616003345446,4 out of 4,100.0%,"[('could', 1.34), ('see', 3.21), ('nothing', 2.21), ('else', 1.63)]","['could', 'see', 'nothing', 'else']"
86,Scotty and I looked at each other.,2.96,2.96,N/A,1 out of 2,50.0%,"[('look', 2.96)]","['scotty', 'look']"
87,"Scotty ran up full power, brakes full on, until it felt that the ship would vibrate open.",3.59,3.4210000000000003,1.140764363632268,10 out of 11,90.9090909091%,"[('run', 4.31), ('full', 3.59), ('power', 2.04), ('brake', 4.44), ('full', 3.59), ('felt', 3.04), ('ship', 4.87), ('would', 1.12), ('vibrate', 4.0), ('open', 3.21)]","['scotty', 'run', 'full', 'power', 'brake', 'full', 'felt', 'ship', 'would', 'vibrate', 'open']"
88,Then he released the brakes.,3.8400000000000003,3.8400000000000003,0.8485281374238571,2 out of 2,100.0%,"[('release', 3.24), ('brake', 4.44)]","['release', 'brake']"
89,We seemed to lumber down the runway.,4.56,3.6366666666666667,1.6340236636393406,3 out of 3,100.0%,"[('seem', 1.75), ('lumber', 4.56), ('runway', 4.6)]","['seem', 'lumber', 'runway']"
90,Hours seemed to go by.,3.1,2.6666666666666665,0.794250170496257,3 out of 3,100.0%,"[('hour', 3.1), ('seem', 1.75), ('go', 3.15)]","['hour', 'seem', 'go']"
91,"The airspeed indicator inched upward, when it should have been sweeping up like the second hand on a watch.",3.57,3.55,0.9317188417113824,9 out of 9,100.0%,"[('airspeed', 3.04), ('indicator', 2.73), ('inch', 4.37), ('upward', 3.57), ('sweep', 3.72), ('like', 1.89), ('second', 3.3), ('hand', 4.72), ('watch', 4.61)]","['airspeed', 'indicator', 'inch', 'upward', 'sweep', 'like', 'second', 'hand', 'watch']"
92,"I kept staring down at the runway from my cockpit window, then I glanced at the airspeed indicator - a slow 92 miles an hour - but when I looked back out the window I saw white stripes flashing by.",3.7800000000000002,3.83,0.7984028173945339,18 out of 18,100.0%,"[('keep', 2.37), ('star', 4.69), ('runway', 4.6), ('cockpit', 4.27), ('window', 4.86), ('glance', 3.48), ('airspeed', 3.04), ('indicator', 2.73), ('slow', 3.28), ('mile', 3.63), ('hour', 3.1), ('look', 2.96), ('back', 4.33), ('window', 4.86), ('saw', 4.46), ('white', 3.89), ('stripe', 4.72), ('flash', 3.67)]","['keep', 'star', 'runway', 'cockpit', 'window', 'glance', 'airspeed', 'indicator', 'slow', 'mile', 'hour', 'look', 'back', 'window', 'saw', 'white', 'stripe', 'flash']"
93,The other end of the runway.,3.87,3.87,1.0323759005323592,2 out of 2,100.0%,"[('end', 3.14), ('runway', 4.6)]","['end', 'runway']"
94,"We were not going fast enough to take off, but we were at the end of the runway.",3.145,3.1,1.0427847332982967,6 out of 6,100.0%,"[('go', 3.15), ('fast', 3.32), ('enough', 1.33), ('take', 3.06), ('end', 3.14), ('runway', 4.6)]","['go', 'fast', 'enough', 'take', 'end', 'runway']"
95,I took the wheel in my hands and pulled back.,4.33,4.188000000000001,0.7201874755922932,5 out of 5,100.0%,"[('take', 3.06), ('wheel', 4.86), ('hand', 4.72), ('pull', 3.97), ('back', 4.33)]","['take', 'wheel', 'hand', 'pull', 'back']"
96,"A co-pilot was not supposed to do that, with the pilot concentrating on the instruments in front of him to keep the plane on course and steady.",3.77,3.324444444444444,1.239597829046896,9 out of 9,100.0%,"[('suppose', 1.37), ('pilot', 4.67), ('concentrate', 2.48), ('instrument', 4.27), ('front', 3.77), ('keep', 2.37), ('plane', 4.92), ('course', 3.82), ('steady', 2.25)]","['suppose', 'pilot', 'concentrate', 'instrument', 'front', 'keep', 'plane', 'course', 'steady']"
97,"But there was not time to talk to Scotty, only a split-second to grab the wheel.",3.795,3.88,0.7707572034477959,4 out of 5,80.0%,"[('time', 3.07), ('talk', 4.07), ('grab', 3.52), ('wheel', 4.86)]","['time', 'talk', 'scotty', 'grab', 'wheel']"
98,"I knew the field off the end of the runway was deep-plowed, rutted enough to tear off our landing gear and smash all 10 of us to pieces.",3.83,3.5733333333333337,1.05590403604368,12 out of 12,100.0%,"[('know', 1.68), ('field', 4.26), ('end', 3.14), ('runway', 4.6), ('rut', 3.64), ('enough', 1.33), ('tear', 4.56), ('landing', 3.87), ('gear', 4.28), ('smash', 3.79), ('us', 3.59), ('piece', 4.14)]","['know', 'field', 'end', 'runway', 'rut', 'enough', 'tear', 'landing', 'gear', 'smash', 'us', 'piece']"
99,"It should not have happened at that airspeed, but Number 10607 flew into the air.",3.3,3.374,1.0957098155990024,5 out of 5,100.0%,"[('happen', 1.78), ('airspeed', 3.04), ('number', 3.3), ('fly', 4.64), ('air', 4.11)]","['happen', 'airspeed', 'number', 'fly', 'air']"
100,It was a miracle.,1.96,1.96,N/A,1 out of 1,100.0%,"[('miracle', 1.96)]",['miracle']
101,More miracles.,1.96,1.96,N/A,1 out of 1,100.0%,"[('miracle', 1.96)]",['miracle']
102,But now there was nothing.,2.21,2.21,N/A,1 out of 1,100.0%,"[('nothing', 2.21)]",['nothing']
103,Only whiteness.,3.69,3.69,N/A,1 out of 1,100.0%,"[('whiteness', 3.69)]",['whiteness']
104,We staggered.,3.57,3.57,N/A,1 out of 1,100.0%,"[('stagger', 3.57)]",['stagger']
105,Then a smashing downward jolt.,3.41,3.453333333333333,0.3172275734127368,3 out of 3,100.0%,"[('smash', 3.79), ('downward', 3.16), ('jolt', 3.41)]","['smash', 'downward', 'jolt']"
106,We'd hit the ground.,4.4399999999999995,4.4399999999999995,0.4666904755831208,2 out of 2,100.0%,"[('hit', 4.11), ('ground', 4.77)]","['hit', 'ground']"
107,Suddenly things were going too fast.,3.16,2.87,0.6908448933491993,4 out of 4,100.0%,"[('suddenly', 1.84), ('thing', 3.17), ('go', 3.15), ('fast', 3.32)]","['suddenly', 'thing', 'go', 'fast']"
108,"A shuddering vibration swept the plane, like a rolling earthquake you feel but don't believe.",3.61,3.2655555555555558,1.1172411457594005,9 out of 9,100.0%,"[('shudder', 3.41), ('vibration', 3.61), ('sweep', 3.72), ('plane', 4.92), ('like', 1.89), ('rolling', 4.04), ('earthquake', 3.97), ('feel', 2.28), ('believe', 1.55)]","['shudder', 'vibration', 'sweep', 'plane', 'like', 'rolling', 'earthquake', 'feel', 'believe']"
109,"Then freedom, a feeling of flight.",2.34,2.64,1.14,3 out of 3,100.0%,"[('freedom', 2.34), ('feeling', 1.68), ('flight', 3.9)]","['freedom', 'feeling', 'flight']"
110,"Later we learned that we had indeed hit the ground off the end of the runway, falling hard enough to shake loose three 500-pound bombs, which crashed through the bomb bay doors and skidded along the ground underneath us without exploding.",3.79,3.5984,1.108120330409413,25 out of 25,100.0%,"[('later', 1.8), ('learn', 2.2), ('indeed', 1.72), ('hit', 4.11), ('ground', 4.77), ('end', 3.14), ('runway', 4.6), ('fall', 4.04), ('hard', 3.76), ('enough', 1.33), ('shake', 4.07), ('loose', 3.18), ('three', 3.62), ('bomb', 4.84), ('crash', 3.79), ('bomb', 4.84), ('bay', 4.81), ('door', 4.81), ('skid', 4.07), ('along', 2.14), ('ground', 4.77), ('underneath', 3.71), ('us', 3.59), ('without', 2.15), ('explode', 4.1)]","['later', 'learn', 'indeed', 'hit', 'ground', 'end', 'runway', 'fall', 'hard', 'enough', 'shake', 'loose', 'three', 'bomb', 'crash', 'bomb', 'bay', 'door', 'skid', 'along', 'ground', 'underneath', 'us', 'without', 'explode']"
111,It was the second miracle.,2.63,2.63,0.9475230867899735,2 out of 2,100.0%,"[('second', 3.3), ('miracle', 1.96)]","['second', 'miracle']"
112,Again whiteness.,3.69,3.69,N/A,1 out of 1,100.0%,"[('whiteness', 3.69)]",['whiteness']
113,"Scotty struggled to keep us climbing straight and level, only the instruments in front of him to help him.",2.86,3.231111111111111,0.7086156300217424,9 out of 10,90.0%,"[('struggle', 2.79), ('keep', 2.37), ('us', 3.59), ('climb', 4.11), ('straight', 2.76), ('level', 2.86), ('instrument', 4.27), ('front', 3.77), ('help', 2.56)]","['scotty', 'struggle', 'keep', 'us', 'climb', 'straight', 'level', 'instrument', 'front', 'help']"
114,"Truly, it was flying blind.",4.03,3.4299999999999997,1.5969032531747187,3 out of 3,100.0%,"[('truly', 1.62), ('fly', 4.64), ('blind', 4.03)]","['truly', 'fly', 'blind']"
115,"Suddenly, a black wall loomed up in front of us - trees.",3.77,3.902857142857143,1.069870931245358,7 out of 7,100.0%,"[('suddenly', 1.84), ('black', 3.76), ('wall', 4.86), ('loom', 4.5), ('front', 3.77), ('us', 3.59), ('tree', 5.0)]","['suddenly', 'black', 'wall', 'loom', 'front', 'us', 'tree']"
116,"The trees got blacker, higher, closer, like some great dark hand reaching out to enclose us.",2.98,3.1966666666666668,1.0813992058551931,12 out of 12,100.0%,"[('tree', 5.0), ('get', 2.38), ('blacker', 2.09), ('higher', 2.93), ('closer', 3.0), ('like', 1.89), ('great', 1.81), ('dark', 4.29), ('hand', 4.72), ('reach', 3.7), ('enclose', 2.96), ('us', 3.59)]","['tree', 'get', 'blacker', 'higher', 'closer', 'like', 'great', 'dark', 'hand', 'reach', 'enclose', 'us']"
117,We smashed right into the blackness.,3.54,3.6,0.16822603841260717,3 out of 3,100.0%,"[('smash', 3.79), ('right', 3.47), ('blackness', 3.54)]","['smash', 'right', 'blackness']"
118,"A scrape, a lurch, and amazingly we were out on the other side.",3.545,3.205,1.1256553646654026,4 out of 4,100.0%,"[('scrape', 4.15), ('lurch', 3.41), ('amazingly', 1.58), ('side', 3.68)]","['scrape', 'lurch', 'amazingly', 'side']"
119,"Again vibration, but we were still flying.",3.61,3.903333333333333,0.6423654204059658,3 out of 3,100.0%,"[('vibration', 3.61), ('still', 3.46), ('fly', 4.64)]","['vibration', 'still', 'fly']"
120,A third miracle.,2.7,2.7,1.0465180361560904,2 out of 2,100.0%,"[('third', 3.44), ('miracle', 1.96)]","['third', 'miracle']"
121,"I hardly dared even look at Scotty, afraid to break his tense concentration on the dashboard instruments that were helping to keep us alive in this whiteness.",2.79,2.982666666666667,0.8421864967084756,15 out of 16,93.75%,"[('hardly', 1.62), ('dare', 2.28), ('even', 2.79), ('look', 2.96), ('afraid', 2.7), ('break', 3.71), ('tense', 2.35), ('concentration', 2.1), ('dashboard', 4.61), ('instrument', 4.27), ('help', 2.56), ('keep', 2.37), ('us', 3.59), ('alive', 3.14), ('whiteness', 3.69)]","['hardly', 'dare', 'even', 'look', 'scotty', 'afraid', 'break', 'tense', 'concentration', 'dashboard', 'instrument', 'help', 'keep', 'us', 'alive', 'whiteness']"
122,The worst was yet to come.,1.54,1.8833333333333335,0.728445834179408,3 out of 3,100.0%,"[('worst', 1.54), ('yet', 1.39), ('come', 2.72)]","['worst', 'yet', 'come']"
123,The human senses are easily fooled.,3.19,3.3066666666666666,1.5682580569961477,3 out of 4,75.0%,"[('human', 4.93), ('easily', 1.8), ('fool', 3.19)]","['human', 'sens', 'easily', 'fool']"
124,It takes steely nerves to trust an inanimate instrument with your life when your body tells you that your plane is doing something that the instrument denies.,3.06,3.2715384615384617,1.0561237786819477,13 out of 13,100.0%,"[('take', 3.06), ('steely', 2.44), ('nerve', 3.89), ('trust', 2.04), ('inanimate', 3.24), ('instrument', 4.27), ('life', 2.69), ('body', 4.79), ('tell', 2.9), ('plane', 4.92), ('something', 1.82), ('instrument', 4.27), ('deny', 2.2)]","['take', 'steely', 'nerve', 'trust', 'inanimate', 'instrument', 'life', 'body', 'tell', 'plane', 'something', 'instrument', 'deny']"
125,"You can be ""sure"" that you are going left when your instruments say that you are going straight ahead.",3.075,3.0425,0.7540699096048247,8 out of 8,100.0%,"[('sure', 1.73), ('go', 3.15), ('left', 3.7), ('instrument', 4.27), ('say', 2.58), ('go', 3.15), ('straight', 2.76), ('ahead', 3.0)]","['sure', 'go', 'left', 'instrument', 'say', 'go', 'straight', 'ahead']"
126,"We had just taken off at an impossible low speed, had hit the ground again, and had plowed through trees into opaque whiteness.",3.6550000000000002,3.7329999999999997,0.9593637938180117,10 out of 10,100.0%,"[('take', 3.06), ('impossible', 1.66), ('low', 3.34), ('speed', 3.62), ('hit', 4.11), ('ground', 4.77), ('plow', 4.46), ('tree', 5.0), ('opaque', 3.62), ('whiteness', 3.69)]","['take', 'impossible', 'low', 'speed', 'hit', 'ground', 'plow', 'tree', 'opaque', 'whiteness']"
127,"In all that turmoil, could Scotty continue to fly blind?",2.36,2.896,1.3832678699369836,5 out of 6,83.3333333333%,"[('turmoil', 2.11), ('could', 1.34), ('continue', 2.36), ('fly', 4.64), ('blind', 4.03)]","['turmoil', 'could', 'scotty', 'continue', 'fly', 'blind']"
128,Suddenly the fog lightened.,2.93,3.143333333333333,1.4220525072349943,3 out of 3,100.0%,"[('suddenly', 1.84), ('fog', 4.66), ('lighten', 2.93)]","['suddenly', 'fog', 'lighten']"
129,Then it began to break up into patches alternating with sunshine.,3.71,3.522,1.0017834097248766,5 out of 5,100.0%,"[('begin', 2.56), ('break', 3.71), ('patch', 4.7), ('alternate', 2.43), ('sunshine', 4.21)]","['begin', 'break', 'patch', 'alternate', 'sunshine']"
130,But the light showed us something even more heart-stopping than the trees we had crashed through.,3.79,3.595714285714286,1.0270971577356114,7 out of 7,100.0%,"[('light', 4.21), ('show', 3.97), ('us', 3.59), ('something', 1.82), ('even', 2.79), ('tree', 5.0), ('crash', 3.79)]","['light', 'show', 'us', 'something', 'even', 'tree', 'crash']"
131,"We saw that we were now flying on our side, one wing pointing straight up to the sky and the other toward the ground beneath the fog.",4.21,3.919166666666667,0.867435701922452,12 out of 12,100.0%,"[('saw', 4.46), ('fly', 4.64), ('side', 3.68), ('one', 3.97), ('wing', 4.86), ('point', 3.39), ('straight', 2.76), ('sky', 4.45), ('toward', 2.28), ('ground', 4.77), ('beneath', 3.11), ('fog', 4.66)]","['saw', 'fly', 'side', 'one', 'wing', 'point', 'straight', 'sky', 'toward', 'ground', 'beneath', 'fog']"
132,We were slowly rolling over on our back at 120 miles an hour.,3.63,3.664,0.5759600680602779,5 out of 5,100.0%,"[('slowly', 3.1), ('roll', 4.16), ('back', 4.33), ('mile', 3.63), ('hour', 3.1)]","['slowly', 'roll', 'back', 'mile', 'hour']"
133,"In another 20 seconds we would dive into the earth, upside down.",2.995,3.0933333333333333,1.2738550414653413,6 out of 6,100.0%,"[('another', 2.69), ('second', 3.3), ('would', 1.12), ('dive', 4.03), ('earth', 4.8), ('upside', 2.62)]","['another', 'second', 'would', 'dive', 'earth', 'upside']"
134,"Perhaps only a pilot could appreciate the panic of breaking out of a solid cloud, where the eye sees no apparent movement, into racing cloud tufts where the world is turning upside down.",3.61,3.3894444444444445,1.1598908276325595,18 out of 18,100.0%,"[('perhaps', 1.19), ('pilot', 4.67), ('could', 1.34), ('appreciate', 2.23), ('panic', 3.04), ('break', 3.71), ('solid', 4.42), ('cloud', 4.54), ('eye', 4.9), ('see', 3.21), ('apparent', 1.73), ('movement', 3.63), ('race', 3.59), ('cloud', 4.54), ('tuft', 3.85), ('world', 4.36), ('turn', 3.44), ('upside', 2.62)]","['perhaps', 'pilot', 'could', 'appreciate', 'panic', 'break', 'solid', 'cloud', 'eye', 'see', 'apparent', 'movement', 'race', 'cloud', 'tuft', 'world', 'turn', 'upside']"
135,"Everything is reversed: To pull the wheel back is to go down, to push it forward is to go up.",3.38,3.5566666666666666,0.8396130060926881,9 out of 9,100.0%,"[('everything', 2.3), ('reverse', 3.38), ('pull', 3.97), ('wheel', 4.86), ('back', 4.33), ('go', 3.15), ('push', 4.21), ('forward', 2.66), ('go', 3.15)]","['everything', 'reverse', 'pull', 'wheel', 'back', 'go', 'push', 'forward', 'go']"
136,"Left is right, right is left.",3.47,3.2925,0.5197675762620573,4 out of 4,100.0%,"[('left', 3.7), ('right', 3.47), ('right', 3.47), ('leave', 2.53)]","['left', 'right', 'right', 'leave']"
137,Scotty grappled with the controls for age-long seconds while we gradually righted ourselves.,2.87,2.886,0.5973524922522715,5 out of 6,83.3333333333%,"[('grapple', 2.86), ('control', 1.93), ('second', 3.3), ('gradually', 2.87), ('right', 3.47)]","['scotty', 'grapple', 'control', 'second', 'gradually', 'right']"
138,"Had the fog been only 100 feet deeper, two seconds deeper, we never could have recovered.",3.3,3.23,1.4347473645210156,7 out of 9,77.7777777778%,"[('fog', 4.66), ('foot', 4.9), ('two', 4.18), ('second', 3.3), ('never', 1.59), ('could', 1.34), ('recover', 2.64)]","['fog', 'foot', 'deeper', 'two', 'second', 'deeper', 'never', 'could', 'recover']"
139,A fourth miracle.,2.675,2.675,1.011162697096763,2 out of 2,100.0%,"[('fourth', 3.39), ('miracle', 1.96)]","['fourth', 'miracle']"
140,All of this had happened in less than a minute - enough terror for an ordinary month of flying.,2.6,2.7475,1.179609499549987,8 out of 8,100.0%,"[('happen', 1.78), ('less', 2.77), ('minute', 3.04), ('enough', 1.33), ('terror', 2.43), ('ordinary', 1.79), ('month', 4.2), ('fly', 4.64)]","['happen', 'less', 'minute', 'enough', 'terror', 'ordinary', 'month', 'fly']"
141,Scotty and I just looked at each other; there was little to say.,2.96,3.0700000000000003,0.5532630477449221,3 out of 4,75.0%,"[('look', 2.96), ('little', 3.67), ('say', 2.58)]","['scotty', 'look', 'little', 'say']"
142,"Now we could think of our mission, so we continued the long climb up to our rendezvous point at 24,000 feet.",2.9,3.037777777777778,1.0367952760523385,9 out of 9,100.0%,"[('could', 1.34), ('think', 2.41), ('mission', 2.9), ('continue', 2.36), ('long', 3.18), ('climb', 4.11), ('rendezvous', 2.75), ('point', 3.39), ('foot', 4.9)]","['could', 'think', 'mission', 'continue', 'long', 'climb', 'rendezvous', 'point', 'foot']"
143,"One of the gunners called on the intercom, asking us to look back.",3.9850000000000003,3.79875,0.7365253850731438,8 out of 8,100.0%,"[('one', 3.97), ('gunner', 4.35), ('call', 4.0), ('intercom', 4.67), ('ask', 2.52), ('us', 3.59), ('look', 2.96), ('back', 4.33)]","['one', 'gunner', 'call', 'intercom', 'ask', 'us', 'look', 'back']"
144,"We saw a pair of thousand-foot plumes of black smoke, coming out of the fog close together, back where we had just been.",3.94,3.871,0.778123811913417,10 out of 10,100.0%,"[('saw', 4.46), ('pair', 3.88), ('plume', 4.0), ('black', 3.76), ('smoke', 4.96), ('come', 2.72), ('fog', 4.66), ('close', 3.2), ('together', 2.74), ('back', 4.33)]","['saw', 'pair', 'plume', 'black', 'smoke', 'come', 'fog', 'close', 'together', 'back']"
145,Later we were to learn that the smoke was from the two lead planes we had followed onto the runway just a minute before; both had crashed off the end of the runway in that fog.,3.945,3.6935714285714285,1.0508575775773081,14 out of 14,100.0%,"[('later', 1.8), ('learn', 2.2), ('smoke', 4.96), ('two', 4.18), ('lead', 4.1), ('plane', 4.92), ('follow', 3.26), ('onto', 2.46), ('runway', 4.6), ('minute', 3.04), ('crash', 3.79), ('end', 3.14), ('runway', 4.6), ('fog', 4.66)]","['later', 'learn', 'smoke', 'two', 'lead', 'plane', 'follow', 'onto', 'runway', 'minute', 'crash', 'end', 'runway', 'fog']"
146,'Return to base'.,3.415,3.415,0.6293250352560271,2 out of 2,100.0%,"[('return', 2.97), ('base', 3.86)]","['return', 'base']"
147,We climbed through the sparkling winter sunshine toward the little specks we knew would be the command ships for the mission.,3.49,3.2441666666666666,1.1652347272961656,12 out of 12,100.0%,"[('climb', 4.11), ('sparkling', 3.31), ('winter', 3.84), ('sunshine', 4.21), ('toward', 2.28), ('little', 3.67), ('speck', 4.46), ('know', 1.68), ('would', 1.12), ('command', 2.48), ('ship', 4.87), ('mission', 2.9)]","['climb', 'sparkling', 'winter', 'sunshine', 'toward', 'little', 'speck', 'know', 'would', 'command', 'ship', 'mission']"
148,We were determined to go on.,2.6399999999999997,2.6399999999999997,0.7212489168102785,2 out of 2,100.0%,"[('determine', 2.13), ('go', 3.15)]","['determine', 'go']"
149,The plane seemed to be all right despite what had happened.,1.78,2.65,1.5111750394974104,5 out of 5,100.0%,"[('plane', 4.92), ('seem', 1.75), ('right', 3.47), ('despite', 1.33), ('happen', 1.78)]","['plane', 'seem', 'right', 'despite', 'happen']"
150,"But as soon as we approached the leader the radio came alive: ""Do you know your bomb bay doors are blown off?",3.74,3.536363636363636,1.2046847946850887,11 out of 11,100.0%,"[('soon', 1.79), ('approach', 2.74), ('leader', 3.89), ('radio', 4.74), ('come', 2.72), ('alive', 3.14), ('know', 1.68), ('bomb', 4.84), ('bay', 4.81), ('door', 4.81), ('blow', 3.74)]","['soon', 'approach', 'leader', 'radio', 'come', 'alive', 'know', 'bomb', 'bay', 'door', 'blow']"
151,"Return to base"".",3.415,3.415,0.6293250352560271,2 out of 2,100.0%,"[('return', 2.97), ('base', 3.86)]","['return', 'base']"
152,"Astonished, we sent our chief engineer, Charles Cox, to look at the doors.",3.61,3.5866666666666664,1.1227050666433578,6 out of 8,75.0%,"[('astonished', 2.15), ('send', 2.7), ('chief', 4.26), ('engineer', 4.64), ('look', 2.96), ('door', 4.81)]","['astonished', 'send', 'chief', 'engineer', 'charles', 'cox', 'look', 'door']"
153,"They were indeed gone, with a piece of torn aluminum flapping loose on one side.",3.97,3.7133333333333334,0.9410233790932082,9 out of 9,100.0%,"[('indeed', 1.72), ('go', 3.15), ('piece', 4.14), ('tear', 4.56), ('aluminum', 4.88), ('flap', 4.14), ('loose', 3.18), ('one', 3.97), ('side', 3.68)]","['indeed', 'go', 'piece', 'tear', 'aluminum', 'flap', 'loose', 'one', 'side']"
154,"Three bombs had bounced off their shackles and disappeared, taking the bomb bay doors with them.",4.34,4.115555555555556,0.7957718126308431,9 out of 9,100.0%,"[('three', 3.62), ('bomb', 4.84), ('bounce', 3.86), ('shackle', 4.34), ('disappear', 2.86), ('take', 3.06), ('bomb', 4.84), ('bay', 4.81), ('door', 4.81)]","['three', 'bomb', 'bounce', 'shackle', 'disappear', 'take', 'bomb', 'bay', 'door']"
155,"Reluctantly, then, we turned back.",3.44,3.27,1.154426264427486,3 out of 3,100.0%,"[('reluctantly', 2.04), ('turn', 3.44), ('back', 4.33)]","['reluctantly', 'turn', 'back']"
156,"We knew that our own base at Rackheath was too foggy for a landing, so we headed for another airfield near Norwich at Horsham Saint Faith after dropping the rest of the bombs into the shallow waters of a North Sea inlet called The Wash.",3.935,3.7555,0.9782125213071571,20 out of 23,86.9565217391%,"[('know', 1.68), ('base', 3.86), ('foggy', 3.8), ('landing', 3.87), ('head', 4.75), ('another', 2.69), ('airfield', 4.7), ('near', 2.79), ('saint', 3.45), ('faith', 1.63), ('drop', 4.21), ('rest', 3.03), ('bomb', 4.84), ('shallow', 3.45), ('water', 5.0), ('north', 4.14), ('sea', 4.79), ('inlet', 4.08), ('call', 4.0), ('wash', 4.35)]","['know', 'base', 'rackheath', 'foggy', 'landing', 'head', 'another', 'airfield', 'near', 'norwich', 'horsham', 'saint', 'faith', 'drop', 'rest', 'bomb', 'shallow', 'water', 'north', 'sea', 'inlet', 'call', 'wash']"
157,"It had been an exciting morning, but now it was over.",2.7,2.7,1.0465180361560904,2 out of 2,100.0%,"[('exciting', 1.96), ('morning', 3.44)]","['exciting', 'morning']"
158,We were wrong.,1.83,1.83,N/A,1 out of 1,100.0%,"[('wrong', 1.83)]",['wrong']
159,"We made a normal landing approach to the Horsham airfield, which was empty of aircraft.",3.43,3.315714285714286,1.1424076497009454,7 out of 8,87.5%,"[('make', 2.67), ('normal', 1.4), ('landing', 3.87), ('approach', 2.74), ('airfield', 4.7), ('empty', 3.43), ('aircraft', 4.4)]","['make', 'normal', 'landing', 'approach', 'horsham', 'airfield', 'empty', 'aircraft']"
160,"Even though it was only a few miles from Rackheath, it had not suffered the dense fog that we had, and its planes had made it off safely.",2.79,3.062222222222222,1.186800086132641,9 out of 10,90.0%,"[('even', 2.79), ('though', 1.2), ('mile', 3.63), ('suffer', 2.28), ('dense', 3.14), ('fog', 4.66), ('plane', 4.92), ('make', 2.67), ('safely', 2.27)]","['even', 'though', 'mile', 'rackheath', 'suffer', 'dense', 'fog', 'plane', 'make', 'safely']"
161,"We touched down normally on the two main wheels under the wings, nose high, with the nose wheel 10 feet off the ground as we slowed down.",4.77,4.0807692307692305,1.049606763971326,13 out of 13,100.0%,"[('touch', 3.86), ('normally', 1.83), ('two', 4.18), ('main', 2.41), ('wheel', 4.86), ('wing', 4.86), ('nose', 4.89), ('high', 3.46), ('nose', 4.89), ('wheel', 4.86), ('foot', 4.9), ('ground', 4.77), ('slow', 3.28)]","['touch', 'normally', 'two', 'main', 'wheel', 'wing', 'nose', 'high', 'nose', 'wheel', 'foot', 'ground', 'slow']"
162,"As the speed dropped, the nose wheel gradually came down until it too was rolling on concrete.",4.1850000000000005,3.99,0.8458638863822678,8 out of 8,100.0%,"[('speed', 3.62), ('drop', 4.21), ('nose', 4.89), ('wheel', 4.86), ('gradually', 2.87), ('come', 2.72), ('roll', 4.16), ('concrete', 4.59)]","['speed', 'drop', 'nose', 'wheel', 'gradually', 'come', 'roll', 'concrete']"
163,By this time we were slowing down from about 75 miles an hour.,3.19,3.27,0.2572936066053721,4 out of 4,100.0%,"[('time', 3.07), ('slow', 3.28), ('mile', 3.63), ('hour', 3.1)]","['time', 'slow', 'mile', 'hour']"
164,Then catastrophe struck.,3.515,3.515,0.7848885271170679,2 out of 2,100.0%,"[('catastrophe', 2.96), ('strike', 4.07)]","['catastrophe', 'strike']"
165,"As soon as the nose wheel came down and the fuselage was traveling parallel to the ground, the whole left landing gear broke off, the 10-foot strut supporting the huge wheels rolling upright backward to smash into the horizontal stabilizer in the tail section of the plane.",3.705,3.8246153846153845,0.805591612514583,26 out of 26,100.0%,"[('soon', 1.79), ('nose', 4.89), ('wheel', 4.86), ('come', 2.72), ('fuselage', 4.79), ('travel', 3.67), ('parallel', 3.16), ('ground', 4.77), ('whole', 3.25), ('left', 3.7), ('landing', 3.87), ('gear', 4.28), ('break', 3.71), ('strut', 3.97), ('support', 2.83), ('huge', 3.54), ('wheel', 4.86), ('roll', 4.16), ('upright', 3.59), ('backward', 3.41), ('smash', 3.79), ('horizontal', 3.46), ('stabilizer', 3.25), ('tail', 4.96), ('section', 3.24), ('plane', 4.92)]","['soon', 'nose', 'wheel', 'come', 'fuselage', 'travel', 'parallel', 'ground', 'whole', 'left', 'landing', 'gear', 'break', 'strut', 'support', 'huge', 'wheel', 'roll', 'upright', 'backward', 'smash', 'horizontal', 'stabilizer', 'tail', 'section', 'plane']"
166,"The left wing dropped screeching onto the concrete, and the plane lurched into an uncontrollable leftward swing off the runway.",3.99,3.8249999999999997,0.9681237712005818,12 out of 12,100.0%,"[('left', 3.7), ('wing', 4.86), ('drop', 4.21), ('screech', 3.77), ('onto', 2.46), ('concrete', 4.59), ('plane', 4.92), ('lurch', 3.41), ('uncontrollable', 2.11), ('leftward', 2.73), ('swing', 4.54), ('runway', 4.6)]","['left', 'wing', 'drop', 'screech', 'onto', 'concrete', 'plane', 'lurch', 'uncontrollable', 'leftward', 'swing', 'runway']"
167,"Again, it all seemed to be in slow motion.",3.28,2.9433333333333334,1.065660984240923,3 out of 3,100.0%,"[('seem', 1.75), ('slow', 3.28), ('motion', 3.8)]","['seem', 'slow', 'motion']"
168,I can still see the faces of a group of British laborers working with burning tar as our 30-ton juggernaut suddenly came crunching down on them.,3.4699999999999998,3.5691666666666664,0.9096698535316219,12 out of 13,92.3076923077%,"[('still', 3.46), ('see', 3.21), ('face', 4.87), ('group', 4.12), ('laborer', 4.28), ('work', 3.48), ('burn', 4.11), ('tar', 4.78), ('juggernaut', 2.6), ('suddenly', 1.84), ('come', 2.72), ('crunch', 3.36)]","['still', 'see', 'face', 'group', 'british', 'laborer', 'work', 'burn', 'tar', 'juggernaut', 'suddenly', 'come', 'crunch']"
169,"One froze, then threw his shovel over his left shoulder and ran.",4.04,4.268571428571429,0.4985120717839093,7 out of 7,100.0%,"[('one', 3.97), ('freeze', 3.96), ('throw', 4.04), ('shovel', 4.97), ('left', 3.7), ('shoulder', 4.93), ('run', 4.31)]","['one', 'freeze', 'throw', 'shovel', 'left', 'shoulder', 'run']"
170,"We bore down on the burning tar, little flames licking all over it.",4.185,4.075,0.708088977459754,6 out of 6,100.0%,"[('bore', 2.96), ('burning', 3.85), ('tar', 4.78), ('little', 3.67), ('flame', 4.67), ('lick', 4.52)]","['bore', 'burning', 'tar', 'little', 'flame', 'lick']"
171,There was nothing we could do.,1.775,1.775,0.6151828996322963,2 out of 2,100.0%,"[('nothing', 2.21), ('could', 1.34)]","['nothing', 'could']"
172,"I remember feeling disappointed, thinking that it was ridiculous that we should explode in a field of ordinary tar after everything else we had survived that morning.",2.41,2.696923076923077,1.082746389321961,13 out of 13,100.0%,"[('remember', 2.41), ('feeling', 1.68), ('disappointed', 1.92), ('think', 2.41), ('ridiculous', 1.79), ('explode', 4.1), ('field', 4.26), ('ordinary', 1.79), ('tar', 4.78), ('everything', 2.3), ('else', 1.63), ('survive', 2.55), ('morning', 3.44)]","['remember', 'feeling', 'disappointed', 'think', 'ridiculous', 'explode', 'field', 'ordinary', 'tar', 'everything', 'else', 'survive', 'morning']"
173,I think I closed my eyes.,3.2,3.503333333333334,1.2724124069394065,3 out of 3,100.0%,"[('think', 2.41), ('close', 3.2), ('eye', 4.9)]","['think', 'close', 'eye']"
174,Another miracle.,2.325,2.325,0.5161879502661797,2 out of 2,100.0%,"[('another', 2.69), ('miracle', 1.96)]","['another', 'miracle']"
175,But the screeching stopped.,3.725,3.725,0.06363961030678918,2 out of 2,100.0%,"[('screech', 3.77), ('stop', 3.68)]","['screech', 'stop']"
176,"We had not exploded, apparently because our crunching juggernaut snuffed out the flames.",4.02,3.526666666666667,1.1080373038244997,6 out of 6,100.0%,"[('explode', 4.1), ('apparently', 1.75), ('crunching', 4.0), ('juggernaut', 2.6), ('snuff', 4.04), ('flame', 4.67)]","['explode', 'apparently', 'crunching', 'juggernaut', 'snuff', 'flame']"
177,We came to rest with one wing on the ground and the other in the air.,4.04,3.91,0.8804771433717061,6 out of 6,100.0%,"[('come', 2.72), ('rest', 3.03), ('one', 3.97), ('wing', 4.86), ('ground', 4.77), ('air', 4.11)]","['come', 'rest', 'one', 'wing', 'ground', 'air']"
178,"We scrambled to get out, not knowing whether the gas tanks had ruptured and were about to blow.",3.505,3.1862500000000002,1.1877462150765086,8 out of 8,100.0%,"[('scramble', 3.31), ('get', 2.38), ('know', 1.68), ('whether', 1.59), ('gas', 4.29), ('tank', 4.8), ('rupture', 3.7), ('blow', 3.74)]","['scramble', 'get', 'know', 'whether', 'gas', 'tank', 'rupture', 'blow']"
179,"The B-24 has a small circular escape hatch over the cockpit area, and Scotty, Chuck Cox and I got through that little hole in seconds and ran down the sloping left wing to get away from the plane in case it did burn or explode.",3.79,3.701904761904762,0.8152338256452504,21 out of 23,91.3043478261%,"[('small', 3.22), ('circular', 3.79), ('escape', 3.34), ('hatch', 4.46), ('cockpit', 4.27), ('area', 3.72), ('chuck', 3.82), ('get', 2.38), ('little', 3.67), ('hole', 4.81), ('second', 3.3), ('run', 4.31), ('sloping', 3.59), ('leave', 2.53), ('wing', 4.86), ('get', 2.38), ('away', 2.23), ('plane', 4.92), ('case', 3.93), ('burn', 4.11), ('explode', 4.1)]","['small', 'circular', 'escape', 'hatch', 'cockpit', 'area', 'scotty', 'chuck', 'cox', 'get', 'little', 'hole', 'second', 'run', 'sloping', 'leave', 'wing', 'get', 'away', 'plane', 'case', 'burn', 'explode']"
180,"The navigator, bombardier and gunners all got safely out through other exits.",3.855,3.44,0.884217167894856,6 out of 6,100.0%,"[('navigator', 3.9), ('bombardier', 3.81), ('gunner', 4.35), ('get', 2.38), ('safely', 2.27), ('exit', 3.93)]","['navigator', 'bombardier', 'gunner', 'get', 'safely', 'exit']"
181,Number 10607 did not burn.,3.705,3.705,0.5727564927611039,2 out of 2,100.0%,"[('number', 3.3), ('burn', 4.11)]","['number', 'burn']"
182,Adrenaline makes a difference.,2.67,2.6199999999999997,0.4471017781221632,3 out of 3,100.0%,"[('adrenaline', 3.04), ('make', 2.67), ('difference', 2.15)]","['adrenaline', 'make', 'difference']"
183,"We had fled through that escape hatch encumbered with all sorts of light gear like oxygen hoses, electric wires and even earphones in my case.",3.67,3.6873333333333336,0.9457987302250084,15 out of 15,100.0%,"[('flee', 3.67), ('escape', 3.34), ('hatch', 4.46), ('encumber', 1.85), ('sort', 3.34), ('light', 4.21), ('gear', 4.28), ('like', 1.89), ('oxygen', 3.66), ('hose', 4.87), ('electric', 3.56), ('wire', 4.72), ('even', 2.79), ('earphone', 4.74), ('case', 3.93)]","['flee', 'escape', 'hatch', 'encumber', 'sort', 'light', 'gear', 'like', 'oxygen', 'hose', 'electric', 'wire', 'even', 'earphone', 'case']"
184,"When it was clear later to go back in to get our personal effects, I could not get out of the hatch by myself even though I had stripped off all the unnecessary gear.",2.38,2.7319999999999998,1.1255233703228278,15 out of 15,100.0%,"[('clear', 3.55), ('later', 1.8), ('go', 3.15), ('back', 4.33), ('get', 2.38), ('personal', 2.21), ('effect', 1.8), ('could', 1.34), ('get', 2.38), ('hatch', 4.46), ('even', 2.79), ('though', 1.2), ('strip', 3.75), ('unnecessary', 1.56), ('gear', 4.28)]","['clear', 'later', 'go', 'back', 'get', 'personal', 'effect', 'could', 'get', 'hatch', 'even', 'though', 'strip', 'unnecessary', 'gear']"
185,The 10 of us gathered to look at Number 10607.,3.13,3.15,0.3706750598570127,4 out of 4,100.0%,"[('us', 3.59), ('gather', 2.75), ('look', 2.96), ('number', 3.3)]","['us', 'gather', 'look', 'number']"
186,The two propellers on the ground were bent like pretzels.,4.46,4.016666666666667,1.1469728273445134,6 out of 6,100.0%,"[('two', 4.18), ('propeller', 4.9), ('ground', 4.77), ('bent', 3.62), ('like', 1.89), ('pretzel', 4.74)]","['two', 'propeller', 'ground', 'bent', 'like', 'pretzel']"
187,There was a huge gash in the left stabilizer where the landing gear strut had crashed through it.,3.83,3.84875,0.37292042429604577,8 out of 8,100.0%,"[('huge', 3.54), ('gash', 4.39), ('left', 3.7), ('stabilizer', 3.25), ('landing', 3.87), ('gear', 4.28), ('strut', 3.97), ('crash', 3.79)]","['huge', 'gash', 'left', 'stabilizer', 'landing', 'gear', 'strut', 'crash']"
188,And then we saw for the first time the bits of tree branches embedded in the fronts of both wings.,3.77,3.8855555555555554,0.927767631348377,9 out of 9,100.0%,"[('saw', 4.46), ('first', 2.76), ('time', 3.07), ('bit', 3.27), ('tree', 5.0), ('branch', 4.9), ('embed', 2.88), ('front', 3.77), ('wing', 4.86)]","['saw', 'first', 'time', 'bit', 'tree', 'branch', 'embed', 'front', 'wing']"
189,"We were a silent group; again, there was not much to say.",3.125,3.015,1.094668899713516,4 out of 4,100.0%,"[('silent', 3.67), ('group', 4.12), ('much', 1.69), ('say', 2.58)]","['silent', 'group', 'much', 'say']"
190,"We had taken off below take-off speed, we had survived a crashing bounce back to earth, we had smashed through trees, we had nearly rolled over on our back, and then we had survived a crash landing through fire.",3.825,3.754375,0.8654245104764097,16 out of 16,100.0%,"[('take', 3.06), ('speed', 3.62), ('survive', 2.55), ('crash', 3.79), ('bounce', 3.86), ('back', 4.33), ('earth', 4.8), ('smash', 3.79), ('tree', 5.0), ('nearly', 1.89), ('roll', 4.16), ('back', 4.33), ('survive', 2.55), ('crash', 3.79), ('landing', 3.87), ('fire', 4.68)]","['take', 'speed', 'survive', 'crash', 'bounce', 'back', 'earth', 'smash', 'tree', 'nearly', 'roll', 'back', 'survive', 'crash', 'landing', 'fire']"
191,We could have died five times.,3.07,2.8375,1.067188674352697,4 out of 4,100.0%,"[('could', 1.34), ('die', 3.07), ('five', 3.87), ('time', 3.07)]","['could', 'die', 'five', 'time']"
192,It was truly a day of five miracles.,2.915,2.8425000000000002,1.223393504423931,4 out of 4,100.0%,"[('truly', 1.62), ('day', 3.92), ('five', 3.87), ('miracle', 1.96)]","['truly', 'day', 'five', 'miracle']"
193,I remember thinking that after all that I would never be afraid again.,2.41,2.0460000000000003,0.6629705875828882,5 out of 5,100.0%,"[('remember', 2.41), ('think', 2.41), ('would', 1.12), ('never', 1.59), ('afraid', 2.7)]","['remember', 'think', 'would', 'never', 'afraid']"
194,Back to life.,3.51,3.51,1.159655121145938,2 out of 2,100.0%,"[('back', 4.33), ('life', 2.69)]","['back', 'life']"
195,Abruptly I was thrown on my right side.,3.575,3.3875,0.7243100164984605,4 out of 4,100.0%,"[('abruptly', 2.36), ('throw', 4.04), ('right', 3.47), ('side', 3.68)]","['abruptly', 'throw', 'right', 'side']"
196,A loud clanging of pipes filled my right ear.,3.73,4.08,0.7997812200845928,5 out of 6,83.3333333333%,"[('loud', 3.73), ('pipe', 4.88), ('fill', 3.32), ('right', 3.47), ('ear', 5.0)]","['loud', 'clanging', 'pipe', 'fill', 'right', 'ear']"
197,I dropped lengthwise on something hard.,3.415,3.215,1.0414893182361498,4 out of 4,100.0%,"[('drop', 4.21), ('lengthwise', 3.07), ('something', 1.82), ('hard', 3.76)]","['drop', 'lengthwise', 'something', 'hard']"
198,A babble of voices.,3.7199999999999998,3.7199999999999998,0.5798275605729688,2 out of 2,100.0%,"[('babble', 3.31), ('voice', 4.13)]","['babble', 'voice']"
199,Bright lights.,4.0649999999999995,4.0649999999999995,0.2050609665440988,2 out of 2,100.0%,"[('bright', 3.92), ('light', 4.21)]","['bright', 'light']"
200,"I tried to open my eyes, but only the right one would work at all.",3.47,3.1957142857142857,1.2193558018185553,7 out of 7,100.0%,"[('try', 2.22), ('open', 3.21), ('eye', 4.9), ('right', 3.47), ('one', 3.97), ('would', 1.12), ('work', 3.48)]","['try', 'open', 'eye', 'right', 'one', 'would', 'work']"
201,"I could see a hospital room wall, nurses passing back and forth.",4.33,3.6277777777777778,1.2637026724844909,9 out of 9,100.0%,"[('could', 1.34), ('see', 3.21), ('hospital', 4.64), ('room', 4.79), ('wall', 4.86), ('nurse', 4.39), ('pass', 2.71), ('back', 4.33), ('forth', 2.38)]","['could', 'see', 'hospital', 'room', 'wall', 'nurse', 'pass', 'back', 'forth']"
202,"I could only see straight ahead, so the nurses were just moving torsos, no feet or heads within my range of vision.",3.2350000000000003,3.4875000000000003,1.0556353106498992,12 out of 12,100.0%,"[('could', 1.34), ('see', 3.21), ('straight', 2.76), ('ahead', 3.0), ('nurse', 4.39), ('move', 3.25), ('torso', 4.83), ('foot', 4.9), ('head', 4.75), ('within', 2.81), ('range', 3.22), ('vision', 3.39)]","['could', 'see', 'straight', 'ahead', 'nurse', 'move', 'torso', 'foot', 'head', 'within', 'range', 'vision']"
203,My head felt as big as a balloon.,4.205,4.0925,0.8966372361960735,4 out of 4,100.0%,"[('head', 4.75), ('felt', 3.04), ('big', 3.66), ('balloon', 4.92)]","['head', 'felt', 'big', 'balloon']"
204,"Dimly I sensed that there was a bulbous presence on the left side of my head, something light but bulky.",3.0,3.216666666666667,0.9334746916762126,9 out of 10,90.0%,"[('dimly', 2.46), ('sense', 2.61), ('presence', 2.72), ('left', 3.7), ('side', 3.68), ('head', 4.75), ('something', 1.82), ('light', 4.21), ('bulky', 3.0)]","['dimly', 'sense', 'bulbous', 'presence', 'left', 'side', 'head', 'something', 'light', 'bulky']"
205,My left eye was covered.,4.23,4.276666666666667,0.6013595707505897,3 out of 3,100.0%,"[('left', 3.7), ('eye', 4.9), ('cover', 4.23)]","['left', 'eye', 'cover']"
206,But my right eye saw clearly and sharply.,3.47,3.45,1.2505998560690788,5 out of 5,100.0%,"[('right', 3.47), ('eye', 4.9), ('saw', 4.46), ('clearly', 2.04), ('sharply', 2.38)]","['right', 'eye', 'saw', 'clearly', 'sharply']"
207,"One of the torsos moved to the side, and I could see what looked like a 6-foot diameter clock: 10 minutes to 12.",3.25,3.3818181818181823,1.1093675511913819,11 out of 11,100.0%,"[('one', 3.97), ('torso', 4.83), ('move', 3.25), ('side', 3.68), ('could', 1.34), ('see', 3.21), ('look', 2.96), ('like', 1.89), ('diameter', 4.03), ('clock', 5.0), ('minute', 3.04)]","['one', 'torso', 'move', 'side', 'could', 'see', 'look', 'like', 'diameter', 'clock', 'minute']"
208,"I was out, the operation was over.",3.44,3.44,N/A,1 out of 1,100.0%,"[('operation', 3.44)]",['operation']
209,Four blank hours had passed since that hard black mask was pressed over my face in the operating room.,3.61,3.598333333333333,1.0132381334866525,12 out of 12,100.0%,"[('four', 3.37), ('blank', 3.12), ('hour', 3.1), ('pass', 2.71), ('since', 1.38), ('hard', 3.76), ('black', 3.76), ('mask', 4.96), ('press', 3.9), ('face', 4.87), ('operating', 3.46), ('room', 4.79)]","['four', 'blank', 'hour', 'pass', 'since', 'hard', 'black', 'mask', 'press', 'face', 'operating', 'room']"
210,I remember being surprised that I could see so clearly out of that one right eye.,3.225,3.0725000000000002,1.124833320985825,8 out of 8,100.0%,"[('remember', 2.41), ('surprise', 3.24), ('could', 1.34), ('see', 3.21), ('clearly', 2.04), ('one', 3.97), ('right', 3.47), ('eye', 4.9)]","['remember', 'surprise', 'could', 'see', 'clearly', 'one', 'right', 'eye']"
211,"Everything looked sharper, brighter than usual.",2.63,2.6125,0.6285101431162429,4 out of 5,80.0%,"[('everything', 2.3), ('look', 2.96), ('sharper', 3.29), ('usual', 1.9)]","['everything', 'look', 'sharper', 'brighter', 'usual']"
212,I could see the metal sidebars on my bed - the pipes I had heard clanging.,3.66,3.738571428571429,1.322389611920135,7 out of 8,87.5%,"[('could', 1.34), ('see', 3.21), ('metal', 4.87), ('sidebar', 3.21), ('bed', 5.0), ('pipe', 4.88), ('hear', 3.66)]","['could', 'see', 'metal', 'sidebar', 'bed', 'pipe', 'hear', 'clanging']"
213,Then another form came up to me.,2.72,2.8466666666666662,0.24583192089989714,3 out of 3,100.0%,"[('another', 2.69), ('form', 3.13), ('come', 2.72)]","['another', 'form', 'come']"
214,"It was the neurosurgeon, Dr Wright.",4.66,4.66,N/A,1 out of 3,33.3333333333%,"[('neurosurgeon', 4.66)]","['neurosurgeon', 'dr', 'wright']"
215,He leaned over to look at me.,2.98,2.98,0.028284271247461926,2 out of 2,100.0%,"[('lean', 3.0), ('look', 2.96)]","['lean', 'look']"
216,"""We got it all, and it seems to be benign,"" he said.",2.135,2.15,0.39386969080310474,4 out of 4,100.0%,"[('get', 2.38), ('seem', 1.75), ('benign', 1.89), ('say', 2.58)]","['get', 'seem', 'benign', 'say']"
217,"Then he asked, ""Would you like to see your wife?""",2.52,2.574,1.1630262249837704,5 out of 5,100.0%,"[('ask', 2.52), ('would', 1.12), ('like', 1.89), ('see', 3.21), ('wife', 4.13)]","['ask', 'would', 'like', 'see', 'wife']"
218,"I can't remember whether I spoke or made a sign, but in moments Kathleen was there.",2.54,2.766666666666667,1.1970742110106067,6 out of 8,75.0%,"[('remember', 2.41), ('whether', 1.59), ('speak', 3.7), ('make', 2.67), ('sign', 4.62), ('moment', 1.61)]","['ca', 'remember', 'whether', 'speak', 'make', 'sign', 'moment', 'kathleen']"
219,She was happily surprised that I could talk.,2.6,2.6525000000000003,1.232433230104847,4 out of 4,100.0%,"[('happily', 1.96), ('surprise', 3.24), ('could', 1.34), ('talk', 4.07)]","['happily', 'surprise', 'could', 'talk']"
220,"We both had taken it for granted that I'd be ""out of it"" for a day or two after such an operation.",3.53,3.626,0.4351781244502071,5 out of 5,100.0%,"[('take', 3.06), ('grant', 3.53), ('day', 3.92), ('two', 4.18), ('operation', 3.44)]","['take', 'grant', 'day', 'two', 'operation']"
221,"She told me more of what Dr Wright had said, about how successful it had been.",2.58,2.5166666666666666,0.41860880704224723,3 out of 5,60.0%,"[('tell', 2.9), ('say', 2.58), ('successful', 2.07)]","['tell', 'dr', 'wright', 'say', 'successful']"
222,We held hands again.,4.2,4.2,0.735391052434009,2 out of 2,100.0%,"[('hold', 3.68), ('hand', 4.72)]","['hold', 'hand']"
223,"In rapid succession Sheila, Brian and Debbie came through for brief visits.",2.72,2.7640000000000002,0.8137137088681743,5 out of 8,62.5%,"[('rapid', 3.07), ('succession', 1.73), ('come', 2.72), ('brief', 2.38), ('visit', 3.92)]","['rapid', 'succession', 'sheila', 'brian', 'debbie', 'come', 'brief', 'visit']"
224,Then they were all gone.,3.15,3.15,N/A,1 out of 1,100.0%,"[('go', 3.15)]",['go']
225,"I was by myself, and I remembered that day of miracles 45 years ago.",2.41,2.592,1.0003349439062899,5 out of 5,100.0%,"[('remember', 2.41), ('day', 3.92), ('miracle', 1.96), ('year', 3.25), ('ago', 1.42)]","['remember', 'day', 'miracle', 'year', 'ago']"
226,"Truly, this was the day of the sixth miracle.",2.895,2.8325,1.21230840410626,4 out of 4,100.0%,"[('truly', 1.62), ('day', 3.92), ('sixth', 3.83), ('miracle', 1.96)]","['truly', 'day', 'sixth', 'miracle']"
